Documento;Nombre;Correo;Cargo;Proyecto;Fecha de ingreso
9000000001;Trabajador Prueba 1;prueba1@hseq.test;PRACTICANTE;HSEQ TEST;01/08/2026
9000000002;Trabajador Prueba 2;prueba2@hseq.test;PRACTICANTE;HSEQ TEST;01/08/2026
9000000003;Trabajador Prueba 3;prueba3@hseq.test;PRACTICANTE;HSEQ TEST;01/08/2026
9000000004;Trabajador Prueba 4;prueba4@hseq.test;PRACTICANTE;HSEQ TEST;01/08/2026
9000000005;Trabajador Prueba 5;prueba5@hseq.test;PRACTICANTE;HSEQ TEST;01/08/2026
9000000006;Trabajador Prueba 6;prueba6@hseq.test;PRACTICANTE;HSEQ TEST;01/08/2026
9000000007;Trabajador Prueba 7;prueba7@hseq.test;PRACTICANTE;HSEQ TEST;01/08/2026
9000000008;Trabajador Prueba 8;prueba8@hseq.test;PRACTICANTE;HSEQ TEST;01/08/2026
9000000009;Trabajador Prueba 9;prueba9@hseq.test;PRACTICANTE;HSEQ TEST;01/08/2026
9000000010;Trabajador Prueba 10;prueba10@hseq.test;PRACTICANTE;HSEQ TEST;01/08/2026
9000000011;Trabajador Prueba 11;prueba11@hseq.test;PRACTICANTE;HSEQ TEST;01/08/2026
9000000012;Trabajador Prueba 12;prueba12@hseq.test;PRACTICANTE;HSEQ TEST;01/08/2026
9000000013;Trabajador Prueba 13;prueba13@hseq.test;PRACTICANTE;HSEQ TEST;01/08/2026
9000000014;Trabajador Prueba 14;prueba14@hseq.test;PRACTICANTE;HSEQ TEST;01/08/2026
9000000015;Trabajador Prueba 15;prueba15@hseq.test;PRACTICANTE;HSEQ TEST;01/08/2026
9000000016;Trabajador Prueba 16;prueba16@hseq.test;PRACTICANTE;HSEQ TEST;01/08/2026
9000000017;Trabajador Prueba 17;prueba17@hseq.test;PRACTICANTE;HSEQ TEST;01/08/2026
9000000018;Trabajador Prueba 18;prueba18@hseq.test;PRACTICANTE;HSEQ TEST;01/08/2026
9000000019;Trabajador Prueba 19;prueba19@hseq.test;PRACTICANTE;HSEQ TEST;01/08/2026
9000000020;Trabajador Prueba 20;prueba20@hseq.test;PRACTICANTE;HSEQ TEST;01/08/2026
9000000021;Trabajador Prueba 21;prueba21@hseq.test;PRACTICANTE;HSEQ TEST;01/08/2026
9000000022;Trabajador Prueba 22;prueba22@hseq.test;PRACTICANTE;HSEQ TEST;01/08/2026
9000000023;Trabajador Prueba 23;prueba23@hseq.test;PRACTICANTE;HSEQ TEST;01/08/2026
9000000024;Trabajador Prueba 24;prueba24@hseq.test;PRACTICANTE;HSEQ TEST;01/08/2026
9000000025;Trabajador Prueba 25;prueba25@hseq.test;PRACTICANTE;HSEQ TEST;01/08/2026
9000000026;Trabajador Prueba 26;prueba26@hseq.test;PRACTICANTE;HSEQ TEST;01/08/2026
9000000027;Trabajador Prueba 27;prueba27@hseq.test;PRACTICANTE;HSEQ TEST;01/08/2026
9000000028;Trabajador Prueba 28;prueba28@hseq.test;PRACTICANTE;HSEQ TEST;01/08/2026
9000000029;Trabajador Prueba 29;prueba29@hseq.test;PRACTICANTE;HSEQ TEST;01/08/2026
9000000030;Trabajador Prueba 30;prueba30@hseq.test;PRACTICANTE;HSEQ TEST;01/08/2026
9000000031;Trabajador Prueba 31;prueba31@hseq.test;PRACTICANTE;HSEQ TEST;01/08/2026
9000000032;Trabajador Prueba 32;prueba32@hseq.test;PRACTICANTE;HSEQ TEST;01/08/2026
9000000033;Trabajador Prueba 33;prueba33@hseq.test;PRACTICANTE;HSEQ TEST;01/08/2026
9000000034;Trabajador Prueba 34;prueba34@hseq.test;PRACTICANTE;HSEQ TEST;01/08/2026
9000000035;Trabajador Prueba 35;prueba35@hseq.test;PRACTICANTE;HSEQ TEST;01/08/2026
9000000036;Trabajador Prueba 36;prueba36@hseq.test;PRACTICANTE;HSEQ TEST;01/08/2026
9000000037;Trabajador Prueba 37;prueba37@hseq.test;PRACTICANTE;HSEQ TEST;01/08/2026
9000000038;Trabajador Prueba 38;prueba38@hseq.test;PRACTICANTE;HSEQ TEST;01/08/2026
9000000039;Trabajador Prueba 39;prueba39@hseq.test;PRACTICANTE;HSEQ TEST;01/08/2026
9000000040;Trabajador Prueba 40;prueba40@hseq.test;PRACTICANTE;HSEQ TEST;01/08/2026
9000000041;Trabajador Prueba 41;prueba41@hseq.test;PRACTICANTE;HSEQ TEST;01/08/2026
9000000042;Trabajador Prueba 42;prueba42@hseq.test;PRACTICANTE;HSEQ TEST;01/08/2026
9000000043;Trabajador Prueba 43;prueba43@hseq.test;PRACTICANTE;HSEQ TEST;01/08/2026
9000000044;Trabajador Prueba 44;prueba44@hseq.test;PRACTICANTE;HSEQ TEST;01/08/2026
9000000045;Trabajador Prueba 45;prueba45@hseq.test;PRACTICANTE;HSEQ TEST;01/08/2026
9000000001;Trabajador Duplicado Archivo;dup@hseq.test;PRACTICANTE;HSEQ TEST;01/08/2026
;Sin Documento Perez;vacio.doc@hseq.test;PRACTICANTE;HSEQ TEST;01/08/2026
9000999901;;vacio.nom@hseq.test;PRACTICANTE;HSEQ TEST;01/08/2026
9000999902;Sin Cargo Lopez;vacio.cargo@hseq.test;;HSEQ TEST;01/08/2026
9000999903;Sin Fecha Diaz;vacio.fecha@hseq.test;PRACTICANTE;HSEQ TEST;
